{
    "camera_matrix": [
        [
            756.5316299788745,
            0.0,
            503.0755990233424
        ],
        [
            0.0,
            755.8571913276155,
            373.4935987327961
        ],
        [
            0.0,
            0.0,
            1.0
        ]
    ],
    "dist_coeff": [
        [
            -0.31121067292608773,
            0.15462980442039542,
            -0.0002757916670527071,
            -0.00040006522639726423,
            -0.05209701546740181
        ]
    ]
}